[{"input_file_relative_name": "data_points\\input_0.txt", "tests": [{"command": "python spkmeans.py 0 wam \"{}\"", "output_file_relative_path": "wam\\wam_python_input_0.txt"}, {"command": "python spkmeans.py 0 ddg \"{}\"", "output_file_relative_path": "ddg\\ddg_python_input_0.txt"}, {"command": "python spkmeans.py 0 lnorm \"{}\"", "output_file_relative_path": "lnorm\\lnorm_python_input_0.txt"}, {"command": "spkmeans.exe wam \"{}\"", "output_file_relative_path": "wam\\wam_c_input_0.txt"}, {"command": "spkmeans.exe ddg \"{}\"", "output_file_relative_path": "ddg\\ddg_c_input_0.txt"}, {"command": "spkmeans.exe lnorm \"{}\"", "output_file_relative_path": "lnorm\\lnorm_c_input_0.txt"}, {"command": "python spkmeans.py 0 spk \"{}\"", "output_file_relative_path": "spk\\spk_k_0_input_0.txt"}, {"command": "python spkmeans.py 1 spk \"{}\"", "output_file_relative_path": "spk\\spk_k_1_input_0.txt"}, {"command": "python spkmeans.py 2 spk \"{}\"", "output_file_relative_path": "spk\\spk_k_2_input_0.txt"}, {"command": "python spkmeans.py 3 spk \"{}\"", "output_file_relative_path": "spk\\spk_k_3_input_0.txt"}, {"command": "python spkmeans.py 4 spk \"{}\"", "output_file_relative_path": "spk\\spk_k_4_input_0.txt"}, {"command": "python spkmeans.py 5 spk \"{}\"", "output_file_relative_path": "spk\\spk_k_5_input_0.txt"}, {"command": "python spkmeans.py 6 spk \"{}\"", "output_file_relative_path": "spk\\spk_k_6_input_0.txt"}, {"command": "python spkmeans.py 7 spk \"{}\"", "output_file_relative_path": "spk\\spk_k_7_input_0.txt"}, {"command": "python spkmeans.py 8 spk \"{}\"", "output_file_relative_path": "spk\\spk_k_8_input_0.txt"}, {"command": "python spkmeans.py 9 spk \"{}\"", "output_file_relative_path": "spk\\spk_k_9_input_0.txt"}, {"command": "python spkmeans.py 10 spk \"{}\"", "output_file_relative_path": "spk\\spk_k_10_input_0.txt"}, {"command": "python spkmeans.py 11 spk \"{}\"", "output_file_relative_path": "spk\\spk_k_11_input_0.txt"}, {"command": "python spkmeans.py 12 spk \"{}\"", "output_file_relative_path": "spk\\spk_k_12_input_0.txt"}, {"command": "python spkmeans.py 13 spk \"{}\"", "output_file_relative_path": "spk\\spk_k_13_input_0.txt"}, {"command": "python spkmeans.py 14 spk \"{}\"", "output_file_relative_path": "spk\\spk_k_14_input_0.txt"}, {"command": "python spkmeans.py 15 spk \"{}\"", "output_file_relative_path": "spk\\spk_k_15_input_0.txt"}]}, {"input_file_relative_name": "data_points\\input_1.txt", "tests": [{"command": "python spkmeans.py 0 wam \"{}\"", "output_file_relative_path": "wam\\wam_python_input_1.txt"}, {"command": "python spkmeans.py 0 ddg \"{}\"", "output_file_relative_path": "ddg\\ddg_python_input_1.txt"}, {"command": "python spkmeans.py 0 lnorm \"{}\"", "output_file_relative_path": "lnorm\\lnorm_python_input_1.txt"}, {"command": "spkmeans.exe wam \"{}\"", "output_file_relative_path": "wam\\wam_c_input_1.txt"}, {"command": "spkmeans.exe ddg \"{}\"", "output_file_relative_path": "ddg\\ddg_c_input_1.txt"}, {"command": "spkmeans.exe lnorm \"{}\"", "output_file_relative_path": "lnorm\\lnorm_c_input_1.txt"}, {"command": "python spkmeans.py 0 spk \"{}\"", "output_file_relative_path": "spk\\spk_k_0_input_1.txt"}, {"command": "python spkmeans.py 1 spk \"{}\"", "output_file_relative_path": "spk\\spk_k_1_input_1.txt"}, {"command": "python spkmeans.py 2 spk \"{}\"", "output_file_relative_path": "spk\\spk_k_2_input_1.txt"}, {"command": "python spkmeans.py 3 spk \"{}\"", "output_file_relative_path": "spk\\spk_k_3_input_1.txt"}, {"command": "python spkmeans.py 4 spk \"{}\"", "output_file_relative_path": "spk\\spk_k_4_input_1.txt"}, {"command": "python spkmeans.py 5 spk \"{}\"", "output_file_relative_path": "spk\\spk_k_5_input_1.txt"}, {"command": "python spkmeans.py 6 spk \"{}\"", "output_file_relative_path": "spk\\spk_k_6_input_1.txt"}, {"command": "python spkmeans.py 7 spk \"{}\"", "output_file_relative_path": "spk\\spk_k_7_input_1.txt"}, {"command": "python spkmeans.py 8 spk \"{}\"", "output_file_relative_path": "spk\\spk_k_8_input_1.txt"}, {"command": "python spkmeans.py 9 spk \"{}\"", "output_file_relative_path": "spk\\spk_k_9_input_1.txt"}, {"command": "python spkmeans.py 10 spk \"{}\"", "output_file_relative_path": "spk\\spk_k_10_input_1.txt"}, {"command": "python spkmeans.py 11 spk \"{}\"", "output_file_relative_path": "spk\\spk_k_11_input_1.txt"}, {"command": "python spkmeans.py 12 spk \"{}\"", "output_file_relative_path": "spk\\spk_k_12_input_1.txt"}, {"command": "python spkmeans.py 13 spk \"{}\"", "output_file_relative_path": "spk\\spk_k_13_input_1.txt"}, {"command": "python spkmeans.py 14 spk \"{}\"", "output_file_relative_path": "spk\\spk_k_14_input_1.txt"}, {"command": "python spkmeans.py 15 spk \"{}\"", "output_file_relative_path": "spk\\spk_k_15_input_1.txt"}]}, {"input_file_relative_name": "data_points\\input_10.txt", "tests": [{"command": "python spkmeans.py 0 wam \"{}\"", "output_file_relative_path": "wam\\wam_python_input_10.txt"}, {"command": "python spkmeans.py 0 ddg \"{}\"", "output_file_relative_path": "ddg\\ddg_python_input_10.txt"}, {"command": "python spkmeans.py 0 lnorm \"{}\"", "output_file_relative_path": "lnorm\\lnorm_python_input_10.txt"}, {"command": "spkmeans.exe wam \"{}\"", "output_file_relative_path": "wam\\wam_c_input_10.txt"}, {"command": "spkmeans.exe ddg \"{}\"", "output_file_relative_path": "ddg\\ddg_c_input_10.txt"}, {"command": "spkmeans.exe lnorm \"{}\"", "output_file_relative_path": "lnorm\\lnorm_c_input_10.txt"}, {"command": "python spkmeans.py 0 spk \"{}\"", "output_file_relative_path": "spk\\spk_k_0_input_10.txt"}, {"command": "python spkmeans.py 1 spk \"{}\"", "output_file_relative_path": "spk\\spk_k_1_input_10.txt"}, {"command": "python spkmeans.py 2 spk \"{}\"", "output_file_relative_path": "spk\\spk_k_2_input_10.txt"}, {"command": "python spkmeans.py 3 spk \"{}\"", "output_file_relative_path": "spk\\spk_k_3_input_10.txt"}, {"command": "python spkmeans.py 4 spk \"{}\"", "output_file_relative_path": "spk\\spk_k_4_input_10.txt"}, {"command": "python spkmeans.py 5 spk \"{}\"", "output_file_relative_path": "spk\\spk_k_5_input_10.txt"}, {"command": "python spkmeans.py 6 spk \"{}\"", "output_file_relative_path": "spk\\spk_k_6_input_10.txt"}, {"command": "python spkmeans.py 7 spk \"{}\"", "output_file_relative_path": "spk\\spk_k_7_input_10.txt"}, {"command": "python spkmeans.py 8 spk \"{}\"", "output_file_relative_path": "spk\\spk_k_8_input_10.txt"}, {"command": "python spkmeans.py 9 spk \"{}\"", "output_file_relative_path": "spk\\spk_k_9_input_10.txt"}, {"command": "python spkmeans.py 10 spk \"{}\"", "output_file_relative_path": "spk\\spk_k_10_input_10.txt"}, {"command": "python spkmeans.py 11 spk \"{}\"", "output_file_relative_path": "spk\\spk_k_11_input_10.txt"}, {"command": "python spkmeans.py 12 spk \"{}\"", "output_file_relative_path": "spk\\spk_k_12_input_10.txt"}, {"command": "python spkmeans.py 13 spk \"{}\"", "output_file_relative_path": "spk\\spk_k_13_input_10.txt"}, {"command": "python spkmeans.py 14 spk \"{}\"", "output_file_relative_path": "spk\\spk_k_14_input_10.txt"}, {"command": "python spkmeans.py 15 spk \"{}\"", "output_file_relative_path": "spk\\spk_k_15_input_10.txt"}]}, {"input_file_relative_name": "data_points\\input_11.txt", "tests": [{"command": "python spkmeans.py 0 wam \"{}\"", "output_file_relative_path": "wam\\wam_python_input_11.txt"}, {"command": "python spkmeans.py 0 ddg \"{}\"", "output_file_relative_path": "ddg\\ddg_python_input_11.txt"}, {"command": "python spkmeans.py 0 lnorm \"{}\"", "output_file_relative_path": "lnorm\\lnorm_python_input_11.txt"}, {"command": "spkmeans.exe wam \"{}\"", "output_file_relative_path": "wam\\wam_c_input_11.txt"}, {"command": "spkmeans.exe ddg \"{}\"", "output_file_relative_path": "ddg\\ddg_c_input_11.txt"}, {"command": "spkmeans.exe lnorm \"{}\"", "output_file_relative_path": "lnorm\\lnorm_c_input_11.txt"}, {"command": "python spkmeans.py 0 spk \"{}\"", "output_file_relative_path": "spk\\spk_k_0_input_11.txt"}, {"command": "python spkmeans.py 1 spk \"{}\"", "output_file_relative_path": "spk\\spk_k_1_input_11.txt"}, {"command": "python spkmeans.py 2 spk \"{}\"", "output_file_relative_path": "spk\\spk_k_2_input_11.txt"}, {"command": "python spkmeans.py 3 spk \"{}\"", "output_file_relative_path": "spk\\spk_k_3_input_11.txt"}, {"command": "python spkmeans.py 4 spk \"{}\"", "output_file_relative_path": "spk\\spk_k_4_input_11.txt"}, {"command": "python spkmeans.py 5 spk \"{}\"", "output_file_relative_path": "spk\\spk_k_5_input_11.txt"}, {"command": "python spkmeans.py 6 spk \"{}\"", "output_file_relative_path": "spk\\spk_k_6_input_11.txt"}, {"command": "python spkmeans.py 7 spk \"{}\"", "output_file_relative_path": "spk\\spk_k_7_input_11.txt"}, {"command": "python spkmeans.py 8 spk \"{}\"", "output_file_relative_path": "spk\\spk_k_8_input_11.txt"}, {"command": "python spkmeans.py 9 spk \"{}\"", "output_file_relative_path": "spk\\spk_k_9_input_11.txt"}, {"command": "python spkmeans.py 10 spk \"{}\"", "output_file_relative_path": "spk\\spk_k_10_input_11.txt"}, {"command": "python spkmeans.py 11 spk \"{}\"", "output_file_relative_path": "spk\\spk_k_11_input_11.txt"}, {"command": "python spkmeans.py 12 spk \"{}\"", "output_file_relative_path": "spk\\spk_k_12_input_11.txt"}, {"command": "python spkmeans.py 13 spk \"{}\"", "output_file_relative_path": "spk\\spk_k_13_input_11.txt"}, {"command": "python spkmeans.py 14 spk \"{}\"", "output_file_relative_path": "spk\\spk_k_14_input_11.txt"}, {"command": "python spkmeans.py 15 spk \"{}\"", "output_file_relative_path": "spk\\spk_k_15_input_11.txt"}]}, {"input_file_relative_name": "data_points\\input_12.txt", "tests": [{"command": "python spkmeans.py 0 wam \"{}\"", "output_file_relative_path": "wam\\wam_python_input_12.txt"}, {"command": "python spkmeans.py 0 ddg \"{}\"", "output_file_relative_path": "ddg\\ddg_python_input_12.txt"}, {"command": "python spkmeans.py 0 lnorm \"{}\"", "output_file_relative_path": "lnorm\\lnorm_python_input_12.txt"}, {"command": "spkmeans.exe wam \"{}\"", "output_file_relative_path": "wam\\wam_c_input_12.txt"}, {"command": "spkmeans.exe ddg \"{}\"", "output_file_relative_path": "ddg\\ddg_c_input_12.txt"}, {"command": "spkmeans.exe lnorm \"{}\"", "output_file_relative_path": "lnorm\\lnorm_c_input_12.txt"}, {"command": "python spkmeans.py 0 spk \"{}\"", "output_file_relative_path": "spk\\spk_k_0_input_12.txt"}, {"command": "python spkmeans.py 1 spk \"{}\"", "output_file_relative_path": "spk\\spk_k_1_input_12.txt"}, {"command": "python spkmeans.py 2 spk \"{}\"", "output_file_relative_path": "spk\\spk_k_2_input_12.txt"}, {"command": "python spkmeans.py 3 spk \"{}\"", "output_file_relative_path": "spk\\spk_k_3_input_12.txt"}, {"command": "python spkmeans.py 4 spk \"{}\"", "output_file_relative_path": "spk\\spk_k_4_input_12.txt"}, {"command": "python spkmeans.py 5 spk \"{}\"", "output_file_relative_path": "spk\\spk_k_5_input_12.txt"}, {"command": "python spkmeans.py 6 spk \"{}\"", "output_file_relative_path": "spk\\spk_k_6_input_12.txt"}, {"command": "python spkmeans.py 7 spk \"{}\"", "output_file_relative_path": "spk\\spk_k_7_input_12.txt"}, {"command": "python spkmeans.py 8 spk \"{}\"", "output_file_relative_path": "spk\\spk_k_8_input_12.txt"}, {"command": "python spkmeans.py 9 spk \"{}\"", "output_file_relative_path": "spk\\spk_k_9_input_12.txt"}, {"command": "python spkmeans.py 10 spk \"{}\"", "output_file_relative_path": "spk\\spk_k_10_input_12.txt"}, {"command": "python spkmeans.py 11 spk \"{}\"", "output_file_relative_path": "spk\\spk_k_11_input_12.txt"}, {"command": "python spkmeans.py 12 spk \"{}\"", "output_file_relative_path": "spk\\spk_k_12_input_12.txt"}, {"command": "python spkmeans.py 13 spk \"{}\"", "output_file_relative_path": "spk\\spk_k_13_input_12.txt"}, {"command": "python spkmeans.py 14 spk \"{}\"", "output_file_relative_path": "spk\\spk_k_14_input_12.txt"}, {"command": "python spkmeans.py 15 spk \"{}\"", "output_file_relative_path": "spk\\spk_k_15_input_12.txt"}]}, {"input_file_relative_name": "data_points\\input_13.txt", "tests": [{"command": "python spkmeans.py 0 wam \"{}\"", "output_file_relative_path": "wam\\wam_python_input_13.txt"}, {"command": "python spkmeans.py 0 ddg \"{}\"", "output_file_relative_path": "ddg\\ddg_python_input_13.txt"}, {"command": "python spkmeans.py 0 lnorm \"{}\"", "output_file_relative_path": "lnorm\\lnorm_python_input_13.txt"}, {"command": "spkmeans.exe wam \"{}\"", "output_file_relative_path": "wam\\wam_c_input_13.txt"}, {"command": "spkmeans.exe ddg \"{}\"", "output_file_relative_path": "ddg\\ddg_c_input_13.txt"}, {"command": "spkmeans.exe lnorm \"{}\"", "output_file_relative_path": "lnorm\\lnorm_c_input_13.txt"}, {"command": "python spkmeans.py 0 spk \"{}\"", "output_file_relative_path": "spk\\spk_k_0_input_13.txt"}, {"command": "python spkmeans.py 1 spk \"{}\"", "output_file_relative_path": "spk\\spk_k_1_input_13.txt"}, {"command": "python spkmeans.py 2 spk \"{}\"", "output_file_relative_path": "spk\\spk_k_2_input_13.txt"}, {"command": "python spkmeans.py 3 spk \"{}\"", "output_file_relative_path": "spk\\spk_k_3_input_13.txt"}, {"command": "python spkmeans.py 4 spk \"{}\"", "output_file_relative_path": "spk\\spk_k_4_input_13.txt"}, {"command": "python spkmeans.py 5 spk \"{}\"", "output_file_relative_path": "spk\\spk_k_5_input_13.txt"}, {"command": "python spkmeans.py 6 spk \"{}\"", "output_file_relative_path": "spk\\spk_k_6_input_13.txt"}, {"command": "python spkmeans.py 7 spk \"{}\"", "output_file_relative_path": "spk\\spk_k_7_input_13.txt"}, {"command": "python spkmeans.py 8 spk \"{}\"", "output_file_relative_path": "spk\\spk_k_8_input_13.txt"}, {"command": "python spkmeans.py 9 spk \"{}\"", "output_file_relative_path": "spk\\spk_k_9_input_13.txt"}, {"command": "python spkmeans.py 10 spk \"{}\"", "output_file_relative_path": "spk\\spk_k_10_input_13.txt"}, {"command": "python spkmeans.py 11 spk \"{}\"", "output_file_relative_path": "spk\\spk_k_11_input_13.txt"}, {"command": "python spkmeans.py 12 spk \"{}\"", "output_file_relative_path": "spk\\spk_k_12_input_13.txt"}, {"command": "python spkmeans.py 13 spk \"{}\"", "output_file_relative_path": "spk\\spk_k_13_input_13.txt"}, {"command": "python spkmeans.py 14 spk \"{}\"", "output_file_relative_path": "spk\\spk_k_14_input_13.txt"}, {"command": "python spkmeans.py 15 spk \"{}\"", "output_file_relative_path": "spk\\spk_k_15_input_13.txt"}]}, {"input_file_relative_name": "data_points\\input_14.txt", "tests": [{"command": "python spkmeans.py 0 wam \"{}\"", "output_file_relative_path": "wam\\wam_python_input_14.txt"}, {"command": "python spkmeans.py 0 ddg \"{}\"", "output_file_relative_path": "ddg\\ddg_python_input_14.txt"}, {"command": "python spkmeans.py 0 lnorm \"{}\"", "output_file_relative_path": "lnorm\\lnorm_python_input_14.txt"}, {"command": "spkmeans.exe wam \"{}\"", "output_file_relative_path": "wam\\wam_c_input_14.txt"}, {"command": "spkmeans.exe ddg \"{}\"", "output_file_relative_path": "ddg\\ddg_c_input_14.txt"}, {"command": "spkmeans.exe lnorm \"{}\"", "output_file_relative_path": "lnorm\\lnorm_c_input_14.txt"}, {"command": "python spkmeans.py 0 spk \"{}\"", "output_file_relative_path": "spk\\spk_k_0_input_14.txt"}, {"command": "python spkmeans.py 1 spk \"{}\"", "output_file_relative_path": "spk\\spk_k_1_input_14.txt"}, {"command": "python spkmeans.py 2 spk \"{}\"", "output_file_relative_path": "spk\\spk_k_2_input_14.txt"}, {"command": "python spkmeans.py 3 spk \"{}\"", "output_file_relative_path": "spk\\spk_k_3_input_14.txt"}, {"command": "python spkmeans.py 4 spk \"{}\"", "output_file_relative_path": "spk\\spk_k_4_input_14.txt"}, {"command": "python spkmeans.py 5 spk \"{}\"", "output_file_relative_path": "spk\\spk_k_5_input_14.txt"}, {"command": "python spkmeans.py 6 spk \"{}\"", "output_file_relative_path": "spk\\spk_k_6_input_14.txt"}, {"command": "python spkmeans.py 7 spk \"{}\"", "output_file_relative_path": "spk\\spk_k_7_input_14.txt"}, {"command": "python spkmeans.py 8 spk \"{}\"", "output_file_relative_path": "spk\\spk_k_8_input_14.txt"}, {"command": "python spkmeans.py 9 spk \"{}\"", "output_file_relative_path": "spk\\spk_k_9_input_14.txt"}, {"command": "python spkmeans.py 10 spk \"{}\"", "output_file_relative_path": "spk\\spk_k_10_input_14.txt"}, {"command": "python spkmeans.py 11 spk \"{}\"", "output_file_relative_path": "spk\\spk_k_11_input_14.txt"}, {"command": "python spkmeans.py 12 spk \"{}\"", "output_file_relative_path": "spk\\spk_k_12_input_14.txt"}, {"command": "python spkmeans.py 13 spk \"{}\"", "output_file_relative_path": "spk\\spk_k_13_input_14.txt"}, {"command": "python spkmeans.py 14 spk \"{}\"", "output_file_relative_path": "spk\\spk_k_14_input_14.txt"}, {"command": "python spkmeans.py 15 spk \"{}\"", "output_file_relative_path": "spk\\spk_k_15_input_14.txt"}]}, {"input_file_relative_name": "data_points\\input_15.txt", "tests": [{"command": "python spkmeans.py 0 wam \"{}\"", "output_file_relative_path": "wam\\wam_python_input_15.txt"}, {"command": "python spkmeans.py 0 ddg \"{}\"", "output_file_relative_path": "ddg\\ddg_python_input_15.txt"}, {"command": "python spkmeans.py 0 lnorm \"{}\"", "output_file_relative_path": "lnorm\\lnorm_python_input_15.txt"}, {"command": "spkmeans.exe wam \"{}\"", "output_file_relative_path": "wam\\wam_c_input_15.txt"}, {"command": "spkmeans.exe ddg \"{}\"", "output_file_relative_path": "ddg\\ddg_c_input_15.txt"}, {"command": "spkmeans.exe lnorm \"{}\"", "output_file_relative_path": "lnorm\\lnorm_c_input_15.txt"}, {"command": "python spkmeans.py 0 spk \"{}\"", "output_file_relative_path": "spk\\spk_k_0_input_15.txt"}, {"command": "python spkmeans.py 1 spk \"{}\"", "output_file_relative_path": "spk\\spk_k_1_input_15.txt"}, {"command": "python spkmeans.py 2 spk \"{}\"", "output_file_relative_path": "spk\\spk_k_2_input_15.txt"}, {"command": "python spkmeans.py 3 spk \"{}\"", "output_file_relative_path": "spk\\spk_k_3_input_15.txt"}, {"command": "python spkmeans.py 4 spk \"{}\"", "output_file_relative_path": "spk\\spk_k_4_input_15.txt"}, {"command": "python spkmeans.py 5 spk \"{}\"", "output_file_relative_path": "spk\\spk_k_5_input_15.txt"}, {"command": "python spkmeans.py 6 spk \"{}\"", "output_file_relative_path": "spk\\spk_k_6_input_15.txt"}, {"command": "python spkmeans.py 7 spk \"{}\"", "output_file_relative_path": "spk\\spk_k_7_input_15.txt"}, {"command": "python spkmeans.py 8 spk \"{}\"", "output_file_relative_path": "spk\\spk_k_8_input_15.txt"}, {"command": "python spkmeans.py 9 spk \"{}\"", "output_file_relative_path": "spk\\spk_k_9_input_15.txt"}, {"command": "python spkmeans.py 10 spk \"{}\"", "output_file_relative_path": "spk\\spk_k_10_input_15.txt"}, {"command": "python spkmeans.py 11 spk \"{}\"", "output_file_relative_path": "spk\\spk_k_11_input_15.txt"}, {"command": "python spkmeans.py 12 spk \"{}\"", "output_file_relative_path": "spk\\spk_k_12_input_15.txt"}, {"command": "python spkmeans.py 13 spk \"{}\"", "output_file_relative_path": "spk\\spk_k_13_input_15.txt"}, {"command": "python spkmeans.py 14 spk \"{}\"", "output_file_relative_path": "spk\\spk_k_14_input_15.txt"}, {"command": "python spkmeans.py 15 spk \"{}\"", "output_file_relative_path": "spk\\spk_k_15_input_15.txt"}]}, {"input_file_relative_name": "data_points\\input_2.txt", "tests": [{"command": "python spkmeans.py 0 wam \"{}\"", "output_file_relative_path": "wam\\wam_python_input_2.txt"}, {"command": "python spkmeans.py 0 ddg \"{}\"", "output_file_relative_path": "ddg\\ddg_python_input_2.txt"}, {"command": "python spkmeans.py 0 lnorm \"{}\"", "output_file_relative_path": "lnorm\\lnorm_python_input_2.txt"}, {"command": "spkmeans.exe wam \"{}\"", "output_file_relative_path": "wam\\wam_c_input_2.txt"}, {"command": "spkmeans.exe ddg \"{}\"", "output_file_relative_path": "ddg\\ddg_c_input_2.txt"}, {"command": "spkmeans.exe lnorm \"{}\"", "output_file_relative_path": "lnorm\\lnorm_c_input_2.txt"}, {"command": "python spkmeans.py 0 spk \"{}\"", "output_file_relative_path": "spk\\spk_k_0_input_2.txt"}, {"command": "python spkmeans.py 1 spk \"{}\"", "output_file_relative_path": "spk\\spk_k_1_input_2.txt"}, {"command": "python spkmeans.py 2 spk \"{}\"", "output_file_relative_path": "spk\\spk_k_2_input_2.txt"}, {"command": "python spkmeans.py 3 spk \"{}\"", "output_file_relative_path": "spk\\spk_k_3_input_2.txt"}, {"command": "python spkmeans.py 4 spk \"{}\"", "output_file_relative_path": "spk\\spk_k_4_input_2.txt"}, {"command": "python spkmeans.py 5 spk \"{}\"", "output_file_relative_path": "spk\\spk_k_5_input_2.txt"}, {"command": "python spkmeans.py 6 spk \"{}\"", "output_file_relative_path": "spk\\spk_k_6_input_2.txt"}, {"command": "python spkmeans.py 7 spk \"{}\"", "output_file_relative_path": "spk\\spk_k_7_input_2.txt"}, {"command": "python spkmeans.py 8 spk \"{}\"", "output_file_relative_path": "spk\\spk_k_8_input_2.txt"}, {"command": "python spkmeans.py 9 spk \"{}\"", "output_file_relative_path": "spk\\spk_k_9_input_2.txt"}, {"command": "python spkmeans.py 10 spk \"{}\"", "output_file_relative_path": "spk\\spk_k_10_input_2.txt"}, {"command": "python spkmeans.py 11 spk \"{}\"", "output_file_relative_path": "spk\\spk_k_11_input_2.txt"}, {"command": "python spkmeans.py 12 spk \"{}\"", "output_file_relative_path": "spk\\spk_k_12_input_2.txt"}, {"command": "python spkmeans.py 13 spk \"{}\"", "output_file_relative_path": "spk\\spk_k_13_input_2.txt"}, {"command": "python spkmeans.py 14 spk \"{}\"", "output_file_relative_path": "spk\\spk_k_14_input_2.txt"}, {"command": "python spkmeans.py 15 spk \"{}\"", "output_file_relative_path": "spk\\spk_k_15_input_2.txt"}]}, {"input_file_relative_name": "data_points\\input_3.txt", "tests": [{"command": "python spkmeans.py 0 wam \"{}\"", "output_file_relative_path": "wam\\wam_python_input_3.txt"}, {"command": "python spkmeans.py 0 ddg \"{}\"", "output_file_relative_path": "ddg\\ddg_python_input_3.txt"}, {"command": "python spkmeans.py 0 lnorm \"{}\"", "output_file_relative_path": "lnorm\\lnorm_python_input_3.txt"}, {"command": "spkmeans.exe wam \"{}\"", "output_file_relative_path": "wam\\wam_c_input_3.txt"}, {"command": "spkmeans.exe ddg \"{}\"", "output_file_relative_path": "ddg\\ddg_c_input_3.txt"}, {"command": "spkmeans.exe lnorm \"{}\"", "output_file_relative_path": "lnorm\\lnorm_c_input_3.txt"}, {"command": "python spkmeans.py 0 spk \"{}\"", "output_file_relative_path": "spk\\spk_k_0_input_3.txt"}, {"command": "python spkmeans.py 1 spk \"{}\"", "output_file_relative_path": "spk\\spk_k_1_input_3.txt"}, {"command": "python spkmeans.py 2 spk \"{}\"", "output_file_relative_path": "spk\\spk_k_2_input_3.txt"}, {"command": "python spkmeans.py 3 spk \"{}\"", "output_file_relative_path": "spk\\spk_k_3_input_3.txt"}, {"command": "python spkmeans.py 4 spk \"{}\"", "output_file_relative_path": "spk\\spk_k_4_input_3.txt"}, {"command": "python spkmeans.py 5 spk \"{}\"", "output_file_relative_path": "spk\\spk_k_5_input_3.txt"}, {"command": "python spkmeans.py 6 spk \"{}\"", "output_file_relative_path": "spk\\spk_k_6_input_3.txt"}, {"command": "python spkmeans.py 7 spk \"{}\"", "output_file_relative_path": "spk\\spk_k_7_input_3.txt"}, {"command": "python spkmeans.py 8 spk \"{}\"", "output_file_relative_path": "spk\\spk_k_8_input_3.txt"}, {"command": "python spkmeans.py 9 spk \"{}\"", "output_file_relative_path": "spk\\spk_k_9_input_3.txt"}, {"command": "python spkmeans.py 10 spk \"{}\"", "output_file_relative_path": "spk\\spk_k_10_input_3.txt"}, {"command": "python spkmeans.py 11 spk \"{}\"", "output_file_relative_path": "spk\\spk_k_11_input_3.txt"}, {"command": "python spkmeans.py 12 spk \"{}\"", "output_file_relative_path": "spk\\spk_k_12_input_3.txt"}, {"command": "python spkmeans.py 13 spk \"{}\"", "output_file_relative_path": "spk\\spk_k_13_input_3.txt"}, {"command": "python spkmeans.py 14 spk \"{}\"", "output_file_relative_path": "spk\\spk_k_14_input_3.txt"}, {"command": "python spkmeans.py 15 spk \"{}\"", "output_file_relative_path": "spk\\spk_k_15_input_3.txt"}]}, {"input_file_relative_name": "data_points\\input_4.txt", "tests": [{"command": "python spkmeans.py 0 wam \"{}\"", "output_file_relative_path": "wam\\wam_python_input_4.txt"}, {"command": "python spkmeans.py 0 ddg \"{}\"", "output_file_relative_path": "ddg\\ddg_python_input_4.txt"}, {"command": "python spkmeans.py 0 lnorm \"{}\"", "output_file_relative_path": "lnorm\\lnorm_python_input_4.txt"}, {"command": "spkmeans.exe wam \"{}\"", "output_file_relative_path": "wam\\wam_c_input_4.txt"}, {"command": "spkmeans.exe ddg \"{}\"", "output_file_relative_path": "ddg\\ddg_c_input_4.txt"}, {"command": "spkmeans.exe lnorm \"{}\"", "output_file_relative_path": "lnorm\\lnorm_c_input_4.txt"}, {"command": "python spkmeans.py 0 spk \"{}\"", "output_file_relative_path": "spk\\spk_k_0_input_4.txt"}, {"command": "python spkmeans.py 1 spk \"{}\"", "output_file_relative_path": "spk\\spk_k_1_input_4.txt"}, {"command": "python spkmeans.py 2 spk \"{}\"", "output_file_relative_path": "spk\\spk_k_2_input_4.txt"}, {"command": "python spkmeans.py 3 spk \"{}\"", "output_file_relative_path": "spk\\spk_k_3_input_4.txt"}, {"command": "python spkmeans.py 4 spk \"{}\"", "output_file_relative_path": "spk\\spk_k_4_input_4.txt"}, {"command": "python spkmeans.py 5 spk \"{}\"", "output_file_relative_path": "spk\\spk_k_5_input_4.txt"}, {"command": "python spkmeans.py 6 spk \"{}\"", "output_file_relative_path": "spk\\spk_k_6_input_4.txt"}, {"command": "python spkmeans.py 7 spk \"{}\"", "output_file_relative_path": "spk\\spk_k_7_input_4.txt"}, {"command": "python spkmeans.py 8 spk \"{}\"", "output_file_relative_path": "spk\\spk_k_8_input_4.txt"}, {"command": "python spkmeans.py 9 spk \"{}\"", "output_file_relative_path": "spk\\spk_k_9_input_4.txt"}, {"command": "python spkmeans.py 10 spk \"{}\"", "output_file_relative_path": "spk\\spk_k_10_input_4.txt"}, {"command": "python spkmeans.py 11 spk \"{}\"", "output_file_relative_path": "spk\\spk_k_11_input_4.txt"}, {"command": "python spkmeans.py 12 spk \"{}\"", "output_file_relative_path": "spk\\spk_k_12_input_4.txt"}, {"command": "python spkmeans.py 13 spk \"{}\"", "output_file_relative_path": "spk\\spk_k_13_input_4.txt"}, {"command": "python spkmeans.py 14 spk \"{}\"", "output_file_relative_path": "spk\\spk_k_14_input_4.txt"}, {"command": "python spkmeans.py 15 spk \"{}\"", "output_file_relative_path": "spk\\spk_k_15_input_4.txt"}]}, {"input_file_relative_name": "data_points\\input_5.txt", "tests": [{"command": "python spkmeans.py 0 wam \"{}\"", "output_file_relative_path": "wam\\wam_python_input_5.txt"}, {"command": "python spkmeans.py 0 ddg \"{}\"", "output_file_relative_path": "ddg\\ddg_python_input_5.txt"}, {"command": "python spkmeans.py 0 lnorm \"{}\"", "output_file_relative_path": "lnorm\\lnorm_python_input_5.txt"}, {"command": "spkmeans.exe wam \"{}\"", "output_file_relative_path": "wam\\wam_c_input_5.txt"}, {"command": "spkmeans.exe ddg \"{}\"", "output_file_relative_path": "ddg\\ddg_c_input_5.txt"}, {"command": "spkmeans.exe lnorm \"{}\"", "output_file_relative_path": "lnorm\\lnorm_c_input_5.txt"}, {"command": "python spkmeans.py 0 spk \"{}\"", "output_file_relative_path": "spk\\spk_k_0_input_5.txt"}, {"command": "python spkmeans.py 1 spk \"{}\"", "output_file_relative_path": "spk\\spk_k_1_input_5.txt"}, {"command": "python spkmeans.py 2 spk \"{}\"", "output_file_relative_path": "spk\\spk_k_2_input_5.txt"}, {"command": "python spkmeans.py 3 spk \"{}\"", "output_file_relative_path": "spk\\spk_k_3_input_5.txt"}, {"command": "python spkmeans.py 4 spk \"{}\"", "output_file_relative_path": "spk\\spk_k_4_input_5.txt"}, {"command": "python spkmeans.py 5 spk \"{}\"", "output_file_relative_path": "spk\\spk_k_5_input_5.txt"}, {"command": "python spkmeans.py 6 spk \"{}\"", "output_file_relative_path": "spk\\spk_k_6_input_5.txt"}, {"command": "python spkmeans.py 7 spk \"{}\"", "output_file_relative_path": "spk\\spk_k_7_input_5.txt"}, {"command": "python spkmeans.py 8 spk \"{}\"", "output_file_relative_path": "spk\\spk_k_8_input_5.txt"}, {"command": "python spkmeans.py 9 spk \"{}\"", "output_file_relative_path": "spk\\spk_k_9_input_5.txt"}, {"command": "python spkmeans.py 10 spk \"{}\"", "output_file_relative_path": "spk\\spk_k_10_input_5.txt"}, {"command": "python spkmeans.py 11 spk \"{}\"", "output_file_relative_path": "spk\\spk_k_11_input_5.txt"}, {"command": "python spkmeans.py 12 spk \"{}\"", "output_file_relative_path": "spk\\spk_k_12_input_5.txt"}, {"command": "python spkmeans.py 13 spk \"{}\"", "output_file_relative_path": "spk\\spk_k_13_input_5.txt"}, {"command": "python spkmeans.py 14 spk \"{}\"", "output_file_relative_path": "spk\\spk_k_14_input_5.txt"}, {"command": "python spkmeans.py 15 spk \"{}\"", "output_file_relative_path": "spk\\spk_k_15_input_5.txt"}]}, {"input_file_relative_name": "data_points\\input_6.txt", "tests": [{"command": "python spkmeans.py 0 wam \"{}\"", "output_file_relative_path": "wam\\wam_python_input_6.txt"}, {"command": "python spkmeans.py 0 ddg \"{}\"", "output_file_relative_path": "ddg\\ddg_python_input_6.txt"}, {"command": "python spkmeans.py 0 lnorm \"{}\"", "output_file_relative_path": "lnorm\\lnorm_python_input_6.txt"}, {"command": "spkmeans.exe wam \"{}\"", "output_file_relative_path": "wam\\wam_c_input_6.txt"}, {"command": "spkmeans.exe ddg \"{}\"", "output_file_relative_path": "ddg\\ddg_c_input_6.txt"}, {"command": "spkmeans.exe lnorm \"{}\"", "output_file_relative_path": "lnorm\\lnorm_c_input_6.txt"}, {"command": "python spkmeans.py 0 spk \"{}\"", "output_file_relative_path": "spk\\spk_k_0_input_6.txt"}, {"command": "python spkmeans.py 1 spk \"{}\"", "output_file_relative_path": "spk\\spk_k_1_input_6.txt"}, {"command": "python spkmeans.py 2 spk \"{}\"", "output_file_relative_path": "spk\\spk_k_2_input_6.txt"}, {"command": "python spkmeans.py 3 spk \"{}\"", "output_file_relative_path": "spk\\spk_k_3_input_6.txt"}, {"command": "python spkmeans.py 4 spk \"{}\"", "output_file_relative_path": "spk\\spk_k_4_input_6.txt"}, {"command": "python spkmeans.py 5 spk \"{}\"", "output_file_relative_path": "spk\\spk_k_5_input_6.txt"}, {"command": "python spkmeans.py 6 spk \"{}\"", "output_file_relative_path": "spk\\spk_k_6_input_6.txt"}, {"command": "python spkmeans.py 7 spk \"{}\"", "output_file_relative_path": "spk\\spk_k_7_input_6.txt"}, {"command": "python spkmeans.py 8 spk \"{}\"", "output_file_relative_path": "spk\\spk_k_8_input_6.txt"}, {"command": "python spkmeans.py 9 spk \"{}\"", "output_file_relative_path": "spk\\spk_k_9_input_6.txt"}, {"command": "python spkmeans.py 10 spk \"{}\"", "output_file_relative_path": "spk\\spk_k_10_input_6.txt"}, {"command": "python spkmeans.py 11 spk \"{}\"", "output_file_relative_path": "spk\\spk_k_11_input_6.txt"}, {"command": "python spkmeans.py 12 spk \"{}\"", "output_file_relative_path": "spk\\spk_k_12_input_6.txt"}, {"command": "python spkmeans.py 13 spk \"{}\"", "output_file_relative_path": "spk\\spk_k_13_input_6.txt"}, {"command": "python spkmeans.py 14 spk \"{}\"", "output_file_relative_path": "spk\\spk_k_14_input_6.txt"}, {"command": "python spkmeans.py 15 spk \"{}\"", "output_file_relative_path": "spk\\spk_k_15_input_6.txt"}]}, {"input_file_relative_name": "data_points\\input_7.txt", "tests": [{"command": "python spkmeans.py 0 wam \"{}\"", "output_file_relative_path": "wam\\wam_python_input_7.txt"}, {"command": "python spkmeans.py 0 ddg \"{}\"", "output_file_relative_path": "ddg\\ddg_python_input_7.txt"}, {"command": "python spkmeans.py 0 lnorm \"{}\"", "output_file_relative_path": "lnorm\\lnorm_python_input_7.txt"}, {"command": "spkmeans.exe wam \"{}\"", "output_file_relative_path": "wam\\wam_c_input_7.txt"}, {"command": "spkmeans.exe ddg \"{}\"", "output_file_relative_path": "ddg\\ddg_c_input_7.txt"}, {"command": "spkmeans.exe lnorm \"{}\"", "output_file_relative_path": "lnorm\\lnorm_c_input_7.txt"}, {"command": "python spkmeans.py 0 spk \"{}\"", "output_file_relative_path": "spk\\spk_k_0_input_7.txt"}, {"command": "python spkmeans.py 1 spk \"{}\"", "output_file_relative_path": "spk\\spk_k_1_input_7.txt"}, {"command": "python spkmeans.py 2 spk \"{}\"", "output_file_relative_path": "spk\\spk_k_2_input_7.txt"}, {"command": "python spkmeans.py 3 spk \"{}\"", "output_file_relative_path": "spk\\spk_k_3_input_7.txt"}, {"command": "python spkmeans.py 4 spk \"{}\"", "output_file_relative_path": "spk\\spk_k_4_input_7.txt"}, {"command": "python spkmeans.py 5 spk \"{}\"", "output_file_relative_path": "spk\\spk_k_5_input_7.txt"}, {"command": "python spkmeans.py 6 spk \"{}\"", "output_file_relative_path": "spk\\spk_k_6_input_7.txt"}, {"command": "python spkmeans.py 7 spk \"{}\"", "output_file_relative_path": "spk\\spk_k_7_input_7.txt"}, {"command": "python spkmeans.py 8 spk \"{}\"", "output_file_relative_path": "spk\\spk_k_8_input_7.txt"}, {"command": "python spkmeans.py 9 spk \"{}\"", "output_file_relative_path": "spk\\spk_k_9_input_7.txt"}, {"command": "python spkmeans.py 10 spk \"{}\"", "output_file_relative_path": "spk\\spk_k_10_input_7.txt"}, {"command": "python spkmeans.py 11 spk \"{}\"", "output_file_relative_path": "spk\\spk_k_11_input_7.txt"}, {"command": "python spkmeans.py 12 spk \"{}\"", "output_file_relative_path": "spk\\spk_k_12_input_7.txt"}, {"command": "python spkmeans.py 13 spk \"{}\"", "output_file_relative_path": "spk\\spk_k_13_input_7.txt"}, {"command": "python spkmeans.py 14 spk \"{}\"", "output_file_relative_path": "spk\\spk_k_14_input_7.txt"}, {"command": "python spkmeans.py 15 spk \"{}\"", "output_file_relative_path": "spk\\spk_k_15_input_7.txt"}]}, {"input_file_relative_name": "data_points\\input_8.txt", "tests": [{"command": "python spkmeans.py 0 wam \"{}\"", "output_file_relative_path": "wam\\wam_python_input_8.txt"}, {"command": "python spkmeans.py 0 ddg \"{}\"", "output_file_relative_path": "ddg\\ddg_python_input_8.txt"}, {"command": "python spkmeans.py 0 lnorm \"{}\"", "output_file_relative_path": "lnorm\\lnorm_python_input_8.txt"}, {"command": "spkmeans.exe wam \"{}\"", "output_file_relative_path": "wam\\wam_c_input_8.txt"}, {"command": "spkmeans.exe ddg \"{}\"", "output_file_relative_path": "ddg\\ddg_c_input_8.txt"}, {"command": "spkmeans.exe lnorm \"{}\"", "output_file_relative_path": "lnorm\\lnorm_c_input_8.txt"}, {"command": "python spkmeans.py 0 spk \"{}\"", "output_file_relative_path": "spk\\spk_k_0_input_8.txt"}, {"command": "python spkmeans.py 1 spk \"{}\"", "output_file_relative_path": "spk\\spk_k_1_input_8.txt"}, {"command": "python spkmeans.py 2 spk \"{}\"", "output_file_relative_path": "spk\\spk_k_2_input_8.txt"}, {"command": "python spkmeans.py 3 spk \"{}\"", "output_file_relative_path": "spk\\spk_k_3_input_8.txt"}, {"command": "python spkmeans.py 4 spk \"{}\"", "output_file_relative_path": "spk\\spk_k_4_input_8.txt"}, {"command": "python spkmeans.py 5 spk \"{}\"", "output_file_relative_path": "spk\\spk_k_5_input_8.txt"}, {"command": "python spkmeans.py 6 spk \"{}\"", "output_file_relative_path": "spk\\spk_k_6_input_8.txt"}, {"command": "python spkmeans.py 7 spk \"{}\"", "output_file_relative_path": "spk\\spk_k_7_input_8.txt"}, {"command": "python spkmeans.py 8 spk \"{}\"", "output_file_relative_path": "spk\\spk_k_8_input_8.txt"}, {"command": "python spkmeans.py 9 spk \"{}\"", "output_file_relative_path": "spk\\spk_k_9_input_8.txt"}, {"command": "python spkmeans.py 10 spk \"{}\"", "output_file_relative_path": "spk\\spk_k_10_input_8.txt"}, {"command": "python spkmeans.py 11 spk \"{}\"", "output_file_relative_path": "spk\\spk_k_11_input_8.txt"}, {"command": "python spkmeans.py 12 spk \"{}\"", "output_file_relative_path": "spk\\spk_k_12_input_8.txt"}, {"command": "python spkmeans.py 13 spk \"{}\"", "output_file_relative_path": "spk\\spk_k_13_input_8.txt"}, {"command": "python spkmeans.py 14 spk \"{}\"", "output_file_relative_path": "spk\\spk_k_14_input_8.txt"}, {"command": "python spkmeans.py 15 spk \"{}\"", "output_file_relative_path": "spk\\spk_k_15_input_8.txt"}]}, {"input_file_relative_name": "data_points\\input_9.txt", "tests": [{"command": "python spkmeans.py 0 wam \"{}\"", "output_file_relative_path": "wam\\wam_python_input_9.txt"}, {"command": "python spkmeans.py 0 ddg \"{}\"", "output_file_relative_path": "ddg\\ddg_python_input_9.txt"}, {"command": "python spkmeans.py 0 lnorm \"{}\"", "output_file_relative_path": "lnorm\\lnorm_python_input_9.txt"}, {"command": "spkmeans.exe wam \"{}\"", "output_file_relative_path": "wam\\wam_c_input_9.txt"}, {"command": "spkmeans.exe ddg \"{}\"", "output_file_relative_path": "ddg\\ddg_c_input_9.txt"}, {"command": "spkmeans.exe lnorm \"{}\"", "output_file_relative_path": "lnorm\\lnorm_c_input_9.txt"}, {"command": "python spkmeans.py 0 spk \"{}\"", "output_file_relative_path": "spk\\spk_k_0_input_9.txt"}, {"command": "python spkmeans.py 1 spk \"{}\"", "output_file_relative_path": "spk\\spk_k_1_input_9.txt"}, {"command": "python spkmeans.py 2 spk \"{}\"", "output_file_relative_path": "spk\\spk_k_2_input_9.txt"}, {"command": "python spkmeans.py 3 spk \"{}\"", "output_file_relative_path": "spk\\spk_k_3_input_9.txt"}, {"command": "python spkmeans.py 4 spk \"{}\"", "output_file_relative_path": "spk\\spk_k_4_input_9.txt"}, {"command": "python spkmeans.py 5 spk \"{}\"", "output_file_relative_path": "spk\\spk_k_5_input_9.txt"}, {"command": "python spkmeans.py 6 spk \"{}\"", "output_file_relative_path": "spk\\spk_k_6_input_9.txt"}, {"command": "python spkmeans.py 7 spk \"{}\"", "output_file_relative_path": "spk\\spk_k_7_input_9.txt"}, {"command": "python spkmeans.py 8 spk \"{}\"", "output_file_relative_path": "spk\\spk_k_8_input_9.txt"}, {"command": "python spkmeans.py 9 spk \"{}\"", "output_file_relative_path": "spk\\spk_k_9_input_9.txt"}, {"command": "python spkmeans.py 10 spk \"{}\"", "output_file_relative_path": "spk\\spk_k_10_input_9.txt"}, {"command": "python spkmeans.py 11 spk \"{}\"", "output_file_relative_path": "spk\\spk_k_11_input_9.txt"}, {"command": "python spkmeans.py 12 spk \"{}\"", "output_file_relative_path": "spk\\spk_k_12_input_9.txt"}, {"command": "python spkmeans.py 13 spk \"{}\"", "output_file_relative_path": "spk\\spk_k_13_input_9.txt"}, {"command": "python spkmeans.py 14 spk \"{}\"", "output_file_relative_path": "spk\\spk_k_14_input_9.txt"}, {"command": "python spkmeans.py 15 spk \"{}\"", "output_file_relative_path": "spk\\spk_k_15_input_9.txt"}]}, {"input_file_relative_name": "sym_matrix\\sym_matrix_input_0.txt", "tests": [{"command": "python spkmeans.py 0 jacobi \"{}\"", "output_file_relative_path": "jacobi\\jacobi_python_sym_matrix_input_0.txt"}, {"command": "spkmeans.exe jacobi \"{}\"", "output_file_relative_path": "jacobi\\jacobi_c_sym_matrix_input_0.txt"}]}, {"input_file_relative_name": "sym_matrix\\sym_matrix_input_1.txt", "tests": [{"command": "python spkmeans.py 0 jacobi \"{}\"", "output_file_relative_path": "jacobi\\jacobi_python_sym_matrix_input_1.txt"}, {"command": "spkmeans.exe jacobi \"{}\"", "output_file_relative_path": "jacobi\\jacobi_c_sym_matrix_input_1.txt"}]}, {"input_file_relative_name": "sym_matrix\\sym_matrix_input_10.txt", "tests": [{"command": "python spkmeans.py 0 jacobi \"{}\"", "output_file_relative_path": "jacobi\\jacobi_python_sym_matrix_input_10.txt"}, {"command": "spkmeans.exe jacobi \"{}\"", "output_file_relative_path": "jacobi\\jacobi_c_sym_matrix_input_10.txt"}]}, {"input_file_relative_name": "sym_matrix\\sym_matrix_input_11.txt", "tests": [{"command": "python spkmeans.py 0 jacobi \"{}\"", "output_file_relative_path": "jacobi\\jacobi_python_sym_matrix_input_11.txt"}, {"command": "spkmeans.exe jacobi \"{}\"", "output_file_relative_path": "jacobi\\jacobi_c_sym_matrix_input_11.txt"}]}, {"input_file_relative_name": "sym_matrix\\sym_matrix_input_12.txt", "tests": [{"command": "python spkmeans.py 0 jacobi \"{}\"", "output_file_relative_path": "jacobi\\jacobi_python_sym_matrix_input_12.txt"}, {"command": "spkmeans.exe jacobi \"{}\"", "output_file_relative_path": "jacobi\\jacobi_c_sym_matrix_input_12.txt"}]}, {"input_file_relative_name": "sym_matrix\\sym_matrix_input_13.txt", "tests": [{"command": "python spkmeans.py 0 jacobi \"{}\"", "output_file_relative_path": "jacobi\\jacobi_python_sym_matrix_input_13.txt"}, {"command": "spkmeans.exe jacobi \"{}\"", "output_file_relative_path": "jacobi\\jacobi_c_sym_matrix_input_13.txt"}]}, {"input_file_relative_name": "sym_matrix\\sym_matrix_input_14.txt", "tests": [{"command": "python spkmeans.py 0 jacobi \"{}\"", "output_file_relative_path": "jacobi\\jacobi_python_sym_matrix_input_14.txt"}, {"command": "spkmeans.exe jacobi \"{}\"", "output_file_relative_path": "jacobi\\jacobi_c_sym_matrix_input_14.txt"}]}, {"input_file_relative_name": "sym_matrix\\sym_matrix_input_15.txt", "tests": [{"command": "python spkmeans.py 0 jacobi \"{}\"", "output_file_relative_path": "jacobi\\jacobi_python_sym_matrix_input_15.txt"}, {"command": "spkmeans.exe jacobi \"{}\"", "output_file_relative_path": "jacobi\\jacobi_c_sym_matrix_input_15.txt"}]}, {"input_file_relative_name": "sym_matrix\\sym_matrix_input_16.txt", "tests": [{"command": "python spkmeans.py 0 jacobi \"{}\"", "output_file_relative_path": "jacobi\\jacobi_python_sym_matrix_input_16.txt"}, {"command": "spkmeans.exe jacobi \"{}\"", "output_file_relative_path": "jacobi\\jacobi_c_sym_matrix_input_16.txt"}]}, {"input_file_relative_name": "sym_matrix\\sym_matrix_input_17.txt", "tests": [{"command": "python spkmeans.py 0 jacobi \"{}\"", "output_file_relative_path": "jacobi\\jacobi_python_sym_matrix_input_17.txt"}, {"command": "spkmeans.exe jacobi \"{}\"", "output_file_relative_path": "jacobi\\jacobi_c_sym_matrix_input_17.txt"}]}, {"input_file_relative_name": "sym_matrix\\sym_matrix_input_18.txt", "tests": [{"command": "python spkmeans.py 0 jacobi \"{}\"", "output_file_relative_path": "jacobi\\jacobi_python_sym_matrix_input_18.txt"}, {"command": "spkmeans.exe jacobi \"{}\"", "output_file_relative_path": "jacobi\\jacobi_c_sym_matrix_input_18.txt"}]}, {"input_file_relative_name": "sym_matrix\\sym_matrix_input_19.txt", "tests": [{"command": "python spkmeans.py 0 jacobi \"{}\"", "output_file_relative_path": "jacobi\\jacobi_python_sym_matrix_input_19.txt"}, {"command": "spkmeans.exe jacobi \"{}\"", "output_file_relative_path": "jacobi\\jacobi_c_sym_matrix_input_19.txt"}]}, {"input_file_relative_name": "sym_matrix\\sym_matrix_input_2.txt", "tests": [{"command": "python spkmeans.py 0 jacobi \"{}\"", "output_file_relative_path": "jacobi\\jacobi_python_sym_matrix_input_2.txt"}, {"command": "spkmeans.exe jacobi \"{}\"", "output_file_relative_path": "jacobi\\jacobi_c_sym_matrix_input_2.txt"}]}, {"input_file_relative_name": "sym_matrix\\sym_matrix_input_3.txt", "tests": [{"command": "python spkmeans.py 0 jacobi \"{}\"", "output_file_relative_path": "jacobi\\jacobi_python_sym_matrix_input_3.txt"}, {"command": "spkmeans.exe jacobi \"{}\"", "output_file_relative_path": "jacobi\\jacobi_c_sym_matrix_input_3.txt"}]}, {"input_file_relative_name": "sym_matrix\\sym_matrix_input_4.txt", "tests": [{"command": "python spkmeans.py 0 jacobi \"{}\"", "output_file_relative_path": "jacobi\\jacobi_python_sym_matrix_input_4.txt"}, {"command": "spkmeans.exe jacobi \"{}\"", "output_file_relative_path": "jacobi\\jacobi_c_sym_matrix_input_4.txt"}]}, {"input_file_relative_name": "sym_matrix\\sym_matrix_input_5.txt", "tests": [{"command": "python spkmeans.py 0 jacobi \"{}\"", "output_file_relative_path": "jacobi\\jacobi_python_sym_matrix_input_5.txt"}, {"command": "spkmeans.exe jacobi \"{}\"", "output_file_relative_path": "jacobi\\jacobi_c_sym_matrix_input_5.txt"}]}, {"input_file_relative_name": "sym_matrix\\sym_matrix_input_6.txt", "tests": [{"command": "python spkmeans.py 0 jacobi \"{}\"", "output_file_relative_path": "jacobi\\jacobi_python_sym_matrix_input_6.txt"}, {"command": "spkmeans.exe jacobi \"{}\"", "output_file_relative_path": "jacobi\\jacobi_c_sym_matrix_input_6.txt"}]}, {"input_file_relative_name": "sym_matrix\\sym_matrix_input_7.txt", "tests": [{"command": "python spkmeans.py 0 jacobi \"{}\"", "output_file_relative_path": "jacobi\\jacobi_python_sym_matrix_input_7.txt"}, {"command": "spkmeans.exe jacobi \"{}\"", "output_file_relative_path": "jacobi\\jacobi_c_sym_matrix_input_7.txt"}]}, {"input_file_relative_name": "sym_matrix\\sym_matrix_input_8.txt", "tests": [{"command": "python spkmeans.py 0 jacobi \"{}\"", "output_file_relative_path": "jacobi\\jacobi_python_sym_matrix_input_8.txt"}, {"command": "spkmeans.exe jacobi \"{}\"", "output_file_relative_path": "jacobi\\jacobi_c_sym_matrix_input_8.txt"}]}, {"input_file_relative_name": "sym_matrix\\sym_matrix_input_9.txt", "tests": [{"command": "python spkmeans.py 0 jacobi \"{}\"", "output_file_relative_path": "jacobi\\jacobi_python_sym_matrix_input_9.txt"}, {"command": "spkmeans.exe jacobi \"{}\"", "output_file_relative_path": "jacobi\\jacobi_c_sym_matrix_input_9.txt"}]}]